"TecToy_ID","Titulo_TecToy","Variante","Ano","BDJogos_ID","Titulo_BDJogos","Status"
"BR-245-CU","20 em 1","","1999","043","20 em 1","EXATO"
"BR-001-GG","Ace of Aces","","1991","181","Ace of Aces","EXATO"
"BR-002-GG","Action Fighter","","1986","324","Action Fighter","EXATO"
"BR-003-GG","Aerial Assault","","1990","189","Aerial Assault","EXATO"
"BR-004-CP","After Burner","","1987","275","After Burner","EXATO"
"BR-004-GG","After Burner","","1987","275","After Burner","EXATO"
"BR-005-GG","Air Rescue","","1992","141","Air Rescue","EXATO"
"BR-006-GG","Alex Kidd High-Tech World","","1989","225","Alex Kidd_ High-Tech World","EXATO"
"BR-007-CP","Alex Kidd in Miracle World","","1986","317","Alex Kidd in Miracle World","EXATO"
"BR-007-GG","Alex Kidd in Miracle World","","1986","317","Alex Kidd in Miracle World","EXATO"
"BR-008-CP","Alex Kidd In Shinobi World","","1990","200","Alex Kidd in Shinobi World","EXATO"
"BR-008-GG","Alex Kidd In Shinobi World","","1990","200","Alex Kidd in Shinobi World","EXATO"
"BR-009-CP","Alex Kidd: The Lost Stars","","1988","265","Alex Kidd_ The Lost Stars","EXATO"
"BR-010-GG","Alien 3","","1992","125","Alien 3","EXATO"
"BR-011-GG","Alien Storm","","1991","164","Alien Storm","EXATO"
"BR-012-GG","Alien Syndrome","","1987","279","Alien Syndrome","EXATO"
"BR-013-AZ","Altered Beast","","1989","227","Altered Beast","EXATO"
"BR-013-CP","Altered Beast","","1989","227","Altered Beast","EXATO"
"BR-013-GG","Altered Beast","","1989","227","Altered Beast","EXATO"
"BR-014-GG","American Baseball","","1989","233","American Baseball","EXATO"
"BR-015-AB","Andre Agassi Tennis","","1993","108","Andre Agassi Tennis","EXATO"
"BR-016-AZ","Ariel The Little Mermaid","","1996","025","Ariel the Little Mermaid","EXATO"
"BR-017-AZ","As Aventuras da TV Colosso","","1996","021","As Aventuras da TV Colosso","EXATO"
"BR-018-CP","Assault City","","1990","202","Assault City","EXATO"
"BR-019-GG","Asterix","","1991","147","Asterix","EXATO"
"BR-020-AB","Asterix and the Great Rescue","","1994","056","Astérix and the Great Rescue","EXATO"
"BR-021-AB","Astérix and the Secret Mission","","1994","054","Astérix and the Secret Mission","EXATO"
"BR-022-CP","Astro Warrior","","1986","312","Astro Warrior","EXATO"
"BR-022-GG","Astro Warrior","","1986","312","Astro Warrior","EXATO"
"BR-023-GG","Ayrton Senna's Super Monaco GP II","","1992","134","Ayrton Senna's Super Monaco GP II","EXATO"
"BR-024-CP","Aztec Adventure","","1987","","","NAO_ENCONTRADO"
"BR-025-GG","Back to the Future II","","1991","","","NAO_ENCONTRADO"
"BR-026-AZ","Baku Baku","","1996","","","NAO_ENCONTRADO"
"BR-027-GG","Bank Panic","","1987","308","Bank Panic","EXATO"
"BR-028-GG","Basketball Nightmare","","1989","214","Basketball Nightmare","EXATO"
"BR-029-GP","Batman Returns","","1993","095","Batman Returns","EXATO"
"BR-030-CP","Battle OutRun","","1989","235","Battle OutRun","EXATO"
"BR-031-AZ","Battlemaniacs","","1996","","","NAO_ENCONTRADO"
"BR-032-CP","Black Belt","","1986","318","Black Belt","EXATO"
"BR-033-CP","Blade Eagle 3D","","1988","","","NAO_ENCONTRADO"
"BR-034-GG","Bonanza Brothers","","1991","","","NAO_ENCONTRADO"
"BR-035-AB","Buggy Run","","1993","063","Buggy Run","EXATO"
"BR-036-GG","Captain Silver","","1988","254","Captain Silver","EXATO"
"BR-037-AZ","Castelo Rá-Tim-Bum","","1997","013","Castelo Rá-Tim-Bum","EXATO"
"BR-038-CP","Castle of Illusion Estrelando Mickey Mouse","","1991","","","NAO_ENCONTRADO"
"BR-038-GG","Castle of Illusion Estrelando Mickey Mouse","","1991","","","NAO_ENCONTRADO"
"BR-039-AB","Champions of Europe","","1992","138","Champions of Europe","EXATO"
"BR-040-AB","Chapolim x Drácula: Um Duelo Assustador","","1993","101","Chapolim X Drácula_ Um Duelo Assustador","EXATO"
"BR-041-AZ","Cheese Cat-Astrophe estrelando Speedy Gonzales","","1995","","","NAO_ENCONTRADO"
"BR-042-CP","Choplifter","","1986","321","Choplifter","EXATO"
"BR-043-GP","Chuck Rock","","1992","132","Chuck Rock","EXATO"
"BR-044-AB","Chuck Rock II: Son of Chuck","","1993","071","Chuck Rock II_ Son of Chuck","EXATO"
"BR-045-CP","Cloud Master","","1989","220","Cloud Master","EXATO"
"BR-046-AB","Crash Dummies","","1993","","","NAO_ENCONTRADO"
"BR-047-GG","Cyber Shinobi","","1991","172","Cyber Shinobi","EXATO"
"BR-048-GG","Cyborg Hunter","","1988","240","Cyborg Hunter","EXATO"
"BR-049-AB","Daffy Duck in Hollywood","","1994","045","Daffy Duck in Hollywood","EXATO"
"BR-050-GG","Danan","","1991","182","Danan","EXATO"
"BR-051-CP","Dead Angle","","1989","224","Dead Angle","EXATO"
"BR-052-AB","Deep Duck Trouble estrelando Pato Donald","","1994","","","NAO_ENCONTRADO"
"BR-053-AB","Desert Speedtrap starring Road Runner and Wile E. Coyote","","1993","","","NAO_ENCONTRADO"
"BR-054-GG","Dick Tracy","","1991","175","Dick Tracy","EXATO"
"BR-055-AB","Disney's Aladdin","","1994","","","NAO_ENCONTRADO"
"BR-056-AZ","Disney's Bonkers Wax Up!","","1995","","","NAO_ENCONTRADO"
"BR-057-CP","Double Dragon","","1988","245","Double Dragon","EXATO"
"BR-058-AB","Dr. Robotnik's Mean Bean Machine","","1993","062","Dr. Robotnik's Mean Bean Machine","EXATO"
"BR-059-AB","Dragon Crystal","","1991","165","Dragon Crystal","EXATO"
"BR-060-GG","Dragon Maze","","1988","253","Dragon Maze","EXATO"
"BR-061-GG","Dynamite Duke","","1991","174","Dynamite Duke","EXATO"
"BR-062-CP","Dynamite Dux","","1990","211","Dynamite Dux","EXATO"
"BR-063-AZ","Dynamite Headdy","","1995","038","Dynamite Headdy","EXATO"
"BR-064-CP","E-SWAT","","1990","201","E-SWAT","EXATO"
"BR-064-GG","E-SWAT","","1990","201","E-SWAT","EXATO"
"BR-065-AZ","Earthworm Jim","","1997","015","Earthworm Jim","EXATO"
"BR-066-AB","Ecco The Dolphin","","1993","116","Ecco the Dolphin","EXATO"
"BR-067-AZ","Ecco: The Tides of Time","","1996","026","Ecco_ The Tides of Time","EXATO"
"BR-068-GG","F-16 Fighter","","1986","331","F-16 Fighter","EXATO"
"BR-069-AB","F1","","1993","064","F1","EXATO"
"BR-070-CP","Fantasy Zone II","","1987","","","NAO_ENCONTRADO"
"BR-071-CP","Fantasy Zone: The Maze","","1987","273","Fantasy Zone_ The Maze","EXATO"
"BR-072-AZ","Férias Frustradas do Pica-Pau","","1996","018","Férias Frustradas do Pica-Pau","EXATO"
"BR-073-AZ","FIFA International Soccer","","1996","020","FIFA International Soccer","EXATO"
"BR-074-AZ","Fire & Ice","","1995","036","Fire & Ice","EXATO"
"BR-075-GG","Forgotten Worlds","","1991","171","Forgotten Worlds","EXATO"
"BR-076-GG","G-Loc","","1991","","","NAO_ENCONTRADO"
"BR-077-GG","Gain Ground","","1991","180","Gain Ground","EXATO"
"BR-078-CP","Galaxy Force","","1989","216","Galaxy Force","EXATO"
"BR-078-GG","Galaxy Force","","1989","216","Galaxy Force","EXATO"
"BR-079-MG","Game Box série Corridas","","1996","028","Game Box Série Corridas","EXATO"
"BR-080-MG","Game Box série Esportes","","1996","023","Game Box Série Esportes","EXATO"
"BR-081-MG","Game Box série Esportes Radicais","","1996","024","Game Box Série Esportes Radicais","EXATO"
"BR-082-MG","Game Box série Lutas","","1996","022","Game Box Série Lutas","EXATO"
"BR-083-GG","Gang's Fighter","","1986","332","Gang's Fighter","EXATO"
"BR-084-AZ","Gangster Town","","1987","289","Gangster Town","EXATO"
"BR-084-CP","Gangster Town","","1987","289","Gangster Town","EXATO"
"BR-085-GG","Gauntlet","","1990","192","Gauntlet","EXATO"
"BR-086-AB","George Foreman's KO Boxing","","1992","146","George Foreman's KO Boxing","EXATO"
"BR-087-AB","Geraldinho","","1995","034","Geraldinho","EXATO"
"BR-088-GG","Ghost House","","1986","329","Ghost House","EXATO"
"BR-089-CP","Ghostbusters","","1987","297","Ghostbusters","EXATO"
"BR-090-AZ","Ghouls 'n Ghosts","","1991","184","Ghouls 'N Ghosts","EXATO"
"BR-090-CP","Ghouls 'n Ghosts","","1991","184","Ghouls 'N Ghosts","EXATO"
"BR-090-GG","Ghouls 'n Ghosts","","1991","184","Ghouls 'N Ghosts","EXATO"
"BR-091-CP","Global Defense","","1987","278","Global Defense","EXATO"
"BR-092-GP","Global Gladiators","","1993","086","Global Gladiators","EXATO"
"BR-093-CP","Golden Axe","","1989","213","Golden Axe","EXATO"
"BR-093-GG","Golden Axe","","1989","213","Golden Axe","EXATO"
"BR-094-GG","Golden Axe Warrior","","1991","173","Golden Axe Warrior","EXATO"
"BR-095-GG","Golfamania","","1990","209","Golfamania","EXATO"
"BR-096-GG","Golvellius","","1988","250","Golvellius","EXATO"
"BR-097-GP","GP Rider","","1988","109","GP Rider","EXATO"
"BR-098-CP","Great Basket","","1987","301","Great Basket","EXATO"
"BR-099-CP","Great Voley","","1987","302","Great Voley","EXATO"
"BR-099-GG","Great Voley","","1987","302","Great Voley","EXATO"
"BR-100-CU","Hang On & Safari Hunt","","1986","323","Hang-On _ Safari Hunt","EXATO"
"BR-101-GG","Heavyweight Champ","","1990","204","Heavyweight Champ","EXATO"
"BR-102-GG","Heroes of the Lance","","1991","149","Heroes of the Lance","EXATO"
"BR-103-GG","Impossible Mission","","1990","193","Impossible Mission","EXATO"
"BR-104-AZ","Indiana Jones e a Última Cruzada","","1990","190","Indiana Jones e a Última Cruzada","EXATO"
"BR-104-GG","Indiana Jones e a Última Cruzada","","1990","190","Indiana Jones e a Última Cruzada","EXATO"
"BR-105-AB","James Bond 007 - The Duel","","1993","091","James Bond 007_ The Duel","EXATO"
"BR-106-AZ","James Pond 2 Codename RoboCod","","1993","","","NAO_ENCONTRADO"
"BR-107-GG","Joe Montana Football","","1990","191","Joe Montana Football","EXATO"
"BR-108-CP","Jogos de Verão","","1989","229","Jogos de Verão","EXATO"
"BR-108-GG","Jogos de Verão","","1989","229","Jogos de Verão","EXATO"
"BR-109-AB","Jogos de Verão II","","1993","102","Jogos de Verão II","EXATO"
"BR-110-GG","Jogos Olímpicos","","1990","194","Jogos Olímpicos","EXATO"
"BR-111-AB","Jurassic Park","","1993","094","Jurassic Park","EXATO"
"BR-112-CP","Kenseiden","","1988","258","Kenseiden","EXATO"
"BR-112-GG","Kenseiden","","1988","258","Kenseiden","EXATO"
"BR-113-AB","Krusty's Fun House","","1993","090","Krusty's Fun House","EXATO"
"BR-114-GG","Kung Fu Kid","","1987","296","Kung Fu Kid","EXATO"
"BR-115-GP","Land of Illusion Estrelando Mickey Mouse","","1993","083","Land of Illusion estrelando Mickey Mouse","EXATO"
"BR-116-AZ","Legend of Illusion starring Mickey Mouse","","1998","","","NAO_ENCONTRADO"
"BR-117-GG","Lemmings","","1992","118","Lemmings","EXATO"
"BR-118-GG","Line of Fire","","1991","148","Line of Fire","EXATO"
"BR-119-GG","Lord of the Sword","","1988","257","Lord of the Sword","EXATO"
"BR-120-CP","Marksman Shooting & Trap Shooting","","1986","313","Marksman Shooting & Trap Shooting","EXATO"
"BR-121-GP","Master of Darkness","","1993","088","Master of Darkness","EXATO"
"BR-122-AB","Masters of Combat","","1993","061","Masters of Combat","EXATO"
"BR-123-CP","Maze Hunter 3D","","1988","269","Maze Hunter 3D","EXATO"
"BR-124-GG","Mercs","","1991","186","Mercs","EXATO"
"BR-125-AZ","Mickey's Ultimate Challenge","","1998","009","Mickey's Ultimate Challenge","EXATO"
"BR-126-GG","Minigolf","","1992","143","Minigolf","EXATO"
"BR-127-GG","Miracle Warriors","","1987","","","NAO_ENCONTRADO"
"BR-128-CP","Missile Defense 3D","","1987","288","Missile Defense 3D","EXATO"
"BR-128-GG","Missile Defense 3D","","1987","288","Missile Defense 3D","EXATO"
"BR-129-GG","Mônica no Castelo do Dragão","","1992","142","Mônica no Castelo do Dragão","EXATO"
"BR-130-CP","Moonwalker","","1990","203","Moonwalker","EXATO"
"BR-130-GG","Moonwalker","","1990","203","Moonwalker","EXATO"
"BR-131-AB","Mortal Kombat","","1993","075","Mortal Kombat","EXATO"
"BR-132-AZ","Mortal Kombat 3","","1996","017","Mortal Kombat 3","EXATO"
"BR-133-AB","Mortal Kombat II","","1994","044","Mortal Kombat II","EXATO"
"BR-134-GG","Ms. Pac-Man","","1991","155","Ms. Pac-Man","EXATO"
"BR-135-GG","Ninja Gaiden","","1992","135","Ninja Gaiden","EXATO"
"BR-136-GG","Nuclear Creature","","1985","335","Nuclear Creature","EXATO"
"BR-137-GG","Olympic Gold","","1992","144","Olympic Gold","EXATO"
"BR-138-CP","Operation Wolf","","1990","207","Operation Wolf","EXATO"
"BR-139-AZ","Out Run","","1987","293","Out Run","EXATO"
"BR-139-CP","Out Run","","1987","293","Out Run","EXATO"
"BR-140-CP","Out Run 3D","","1989","","","NAO_ENCONTRADO"
"BR-141-GG","Out Run Europa","","1992","","","NAO_ENCONTRADO"
"BR-142-CP","Paper Boy","","1990","","","NAO_ENCONTRADO"
"BR-142-GG","Paper Boy","","1990","","","NAO_ENCONTRADO"
"BR-143-AZ","Phantasy Star","","1987","272","Phantasy Star","EXATO"
"BR-143-GG","Phantasy Star","","1987","272","Phantasy Star","EXATO"
"BR-144-AB","Pit-Fighter","","1992","117","Pit-Fighter","EXATO"
"BR-145-AB","Populous","","1991","167","Populous","EXATO"
"BR-146-CP","Poseidon Wars 3D","","1989","230","Poseidon Wars 3D","EXATO"
"BR-147-GG","Power Strike","","1988","267","Power Strike","EXATO"
"BR-148-AB","Power Strike II","","1993","098","Power Strike II","EXATO"
"BR-149-GP","Predator 2","","1993","105","Predator 2","EXATO"
"BR-150-AB","Prince of Persia","","1992","123","Prince of Persia","EXATO"
"BR-151-CP","Pro Wrestling","","1986","325","Pro Wrestling","EXATO"
"BR-152-GG","Psychic World","","1991","179","Psychic World","EXATO"
"BR-153-CP","Psycho Fox","","1989","215","Psycho Fox","EXATO"
"BR-153-GG","Psycho Fox","","1989","215","Psycho Fox","EXATO"
"BR-154-AB","Quest for the Shaven Yak Starring Ren Hoëk & Stimpy","","1995","037","Quest for the Shaven Yak Starring Ren Hoëk & Stimpy","EXATO"
"BR-155-CP","R-Type","","1988","244","R-Type","EXATO"
"BR-156-CP","R.C. Grand Prix","","1990","198","R.C. Grand Prix","EXATO"
"BR-156-GG","R.C. Grand Prix","","1990","198","R.C. Grand Prix","EXATO"
"BR-157-AZ","Rainbow Islands","","1993","","","NAO_ENCONTRADO"
"BR-158-CP","Rambo III","","1988","239","Rambo III","EXATO"
"BR-159-GG","Rampage","","1988","241","Rampage","EXATO"
"BR-160-GG","Rastan","","1989","231","Rastan","EXATO"
"BR-161-GP","Renegade","","1993","096","Renegade","EXATO"
"BR-162-CP","Rescue Mission","","1988","262","Rescue Mission","EXATO"
"BR-163-AB","Road Rash","","1994","050","Road Rash","EXATO"
"BR-164-AZ","RoboCop 3","","1993","072","RoboCop 3","EXATO"
"BR-165-AB","RoboCop versus The Terminator","","1993","060","RoboCop Versus The Terminator","EXATO"
"BR-166-CP","Rocky","","1987","299","Rocky","EXATO"
"BR-167-GG","Running Battle","","1991","166","Running Battle","EXATO"
"BR-168-GG","Sagaia","","1992","136","Sagaia","EXATO"
"BR-169-AB","Sapo Xulé vs. Os Invasores do Brejo","","1995","032","Sapo Xulé vs Os Invasores do Brejo","EXATO"
"BR-170-AZ","Sapo Xulé: O Mestre do Kung Fu","","1995","039","Sapo Xulé O Mestre do Kung Fu","EXATO"
"BR-171-AZ","Sapo Xulé: S.O.S. Lagoa Poluída","","1995","031","Sapo Xulé_ S.O.S. Lagoa Poluida","EXATO"
"BR-172-GG","Scramble Spirits","","1989","238","Scramble Spirits","EXATO"
"BR-173-GG","Sega Chess","","1991","169","Sega Chess","EXATO"
"BR-174-GP","Sega World Tournament Golf","","1993","081","Sega World Tournament Golf","EXATO"
"BR-175-AB","Shadow of the Beast","","1991","156","Shadow of the Beast","EXATO"
"BR-176-CP","Shapes and Columns","","1990","195","Shapes and Columns","EXATO"
"BR-176-GG","Shapes and Columns","","1990","195","Shapes and Columns","EXATO"
"BR-177-AB","Shinobi","","1988","256","Shinobi","EXATO"
"BR-177-CP","Shinobi","","1988","256","Shinobi","EXATO"
"BR-177-GG","Shinobi","","1988","256","Shinobi","EXATO"
"BR-178-GG","Shooting G","","1987","305","Shooting G","EXATO"
"BR-179-AZ","Sítio do Picapau Amarelo","","1998","010","Sítio do Picapau Amarelo","EXATO"
"BR-180-GP","Slap Shot","","1990","205","Slap Shot","EXATO"
"BR-181-AZ","Sonic Blast","","1997","011","Sonic Blast","EXATO"
"BR-182-GG","Sonic The Hedgehog","","1991","161","Sonic the Hedgehog","MULTIPLO"
"BR-182-GG","Sonic The Hedgehog","","1991","24","Sonic-the-Hedgehog","MULTIPLO"
"BR-183-GG","Sonic The Hedgehog 2","","1992","122","Sonic the Hedgehog 2","EXATO"
"BR-184-AB","Sonic The Hedgehog: Chaos","","1993","","","NAO_ENCONTRADO"
"BR-185-AB","Sonic The Hedgehog: Spinball","","1995","","","NAO_ENCONTRADO"
"BR-186-CP","Space Harrier 3D","","1988","266","Space Harrier 3D","EXATO"
"BR-187-GG","SpellCaster","","1988","247","SpellCaster","EXATO"
"BR-188-GG","Spider-Man","","1991","","","NAO_ENCONTRADO"
"BR-189-AB","Spider-Man: Return of the Sinister Six","","1993","100","Spider-Man_ Return of the Sinister Six","EXATO"
"BR-190-GG","Spy vs. Spy","","1986","320","Spy vs Spy","EXATO"
"BR-191-AB","Star Wars","","1993","076","Star Wars","EXATO"
"BR-192-AZ","Street Fighter II","","1997","012","Street Fighter II","EXATO"
"BR-193-GP","Streets of Rage","","1993","082","Streets of Rage","EXATO"
"BR-194-AB","Streets of Rage II","","1994","","","NAO_ENCONTRADO"
"BR-195-GG","Strider","","1991","160","Strider","EXATO"
"BR-196-AB","Strider II","","1993","092","Strider II","EXATO"
"BR-197-GG","Submarine Attack","","1990","208","Submarine Attack","EXATO"
"BR-198-CP","Super Cross","","1987","295","Super Cross","EXATO"
"BR-199-CP","Super Futebol","","1987","291","Super Futebol","EXATO"
"BR-200-CP","Super Futebol II","","1990","212","Super Futebol II","EXATO"
"BR-200-GG","Super Futebol II","","1990","212","Super Futebol II","EXATO"
"BR-201-GG","Super Kick Off","","1991","153","Super Kick Off","EXATO"
"BR-202-AZ","Super Mônaco GP","","1990","196","Super Monaco GP","EXATO"
"BR-202-CP","Super Mônaco GP","","1990","196","Super Monaco GP","EXATO"
"BR-203-CP","Super Tennis","","1989","237","Super Tennis","EXATO"
"BR-204-AB","Superman: The Man of Steel","","1993","084","Superman_ The Man of Steel","EXATO"
"BR-205-AZ","Taz in Escape From Mars","","1997","014","Taz in Escape from Mars","EXATO"
"BR-206-GP","Taz-Mania","","1993","093","Taz-Mania","EXATO"
"BR-207-GG","Teddy Boy","","1985","341","Teddy Boy","EXATO"
"BR-208-AB","The Flash","","1993","097","The Flash","EXATO"
"BR-209-CP","The Flintstones","","1991","185","The Flintstones","EXATO"
"BR-210-AB","The Incredible Hulk","","1994","048","The Incredible Hulk","EXATO"
"BR-211-AB","The Jungle Book","","1994","058","The Jungle Book","EXATO"
"BR-212-AB","The Lion King","","1994","059","The Lion King","EXATO"
"BR-213-GG","The Lucky Dime Caper Estrelando Pato Donald","","1991","","","NAO_ENCONTRADO"
"BR-214-GP","The Ninja","","1986","316","The Ninja","EXATO"
"BR-215-AB","The Ottifants","","1993","104","The Ottifants","EXATO"
"BR-216-GG","The Secret of Shinobi","","1991","170","The Secret of Shinobi","EXATO"
"BR-217-GG","The Simpsons: Bart vs. The Space Mutants","","1992","127","The Simpsons_ Bart vs. the Space Mutants","EXATO"
"BR-218-AB","The Simpsons: Bart vs. The World","","1993","089","The Simpsons_ Bart vs. the World","EXATO"
"BR-219-AZ","The Smurfs","","1995","042","The Smurfs","EXATO"
"BR-220-AB","The Terminator","","1992","133","The Terminator","EXATO"
"BR-221-CP","Thunder Blade","","1988","251","Thunder Blade","EXATO"
"BR-222-GG","Time Soldiers","","1989","228","Time Soldiers","EXATO"
"BR-223-GG","Tom and Jerry: The Movie","","1992","124","Tom and Jerry_ The Movie","EXATO"
"BR-224-AB","Turma da Mônica em: O Resgate","","1993","087","Turma da Mônica em_ O Resgate","EXATO"
"BR-225-GG","Última IV","","1990","187","Última IV","EXATO"
"BR-226-AB","Ultimate Soccer","","1993","078","Ultimate Soccer","EXATO"
"BR-227-CP","Vigilante","","1989","222","Vigilante","EXATO"
"BR-227-GG","Vigilante","","1989","222","Vigilante","EXATO"
"BR-228-AZ","Virtua Fighter Animation","","1997","016","Virtua Fighter Animation","EXATO"
"BR-229-CP","Wanted","","1989","219","Wanted","EXATO"
"BR-230-AB","Where in the World is Carmen Sandiego?","","1988","242","Where in the World is Carmen Sandiego_","EXATO"
"BR-231-GP","Wimbledon","","1992","130","Wimbledon","EXATO"
"BR-232-AB","Winter Olympics","","1994","057","Winter Olympics","EXATO"
"BR-233-AB","Wolfchild","","1993","070","Wolfchild","EXATO"
"BR-234-CP","Wonder Boy","","1988","303","Wonder Boy","EXATO"
"BR-235-GP","World Class Leader Board","","1991","162","World Class Leader Board","EXATO"
"BR-236-AB","World Cup USA 94","","1994","047","World Cup USA 94","EXATO"
"BR-237-GG","World Games","","1990","199","World Games","EXATO"
"BR-238-CP","World Grand Prix","","1986","319","World Grand Prix","EXATO"
"BR-238-GG","World Grand Prix","","1986","319","World Grand Prix","EXATO"
"BR-239-AB","WWF Wrestlemania Steel Cage Challenge","","1993","080","WWF WrestleMania_ Steel Cage Challenge","EXATO"
"BR-240-AZ","X-Men Mojo World","","1996","030","X-Men_ Mojo World","EXATO"
"BR-241-GG","Y's","","1988","","","NAO_ENCONTRADO"
"BR-242-CP","Zaxxon 3D","","1987","277","Zaxxon 3D","EXATO"
"BR-243-GG","Zillion","","1987","294","Zillion","EXATO"
"BR-244-CP","Zillion II","","1987","","","NAO_ENCONTRADO"
