id,Titulo_BR,Titulo_Original,Codigo_TecToy,Ano,Variante,Edicao,Genero,Sub-Genero,Peripherals,Players,Tamanho,Desenvolvedor,Distribuidor,FM,Observacao,Exclusivo_BR
BR-245-CU,20 em 1,,,1999,,CU,,,,,,,,False,,
BR-001-GG,Ace of Aces,,,1991,,GG,Shooting,Nave,,,,,,False,,
BR-002-GG,Action Fighter,,,1986,,GG,Action,,,,,,,False,,
BR-003-GG,Aerial Assault,,,1990,,GG,Shooting,Nave,,,,,,False,,
BR-004-CP,After Burner,,,1987,,CP,Shooting,,,,,,,False,,
BR-004-GG,After Burner,,,1987,,GG,Shooting,,,,,,,False,[Verificar ano da edição],
BR-005-GG,Air Rescue,,,1992,,GG,Shooting,,,,,,,False,,
BR-006-GG,Alex Kidd High-Tech World,,,1989,,GG,RPG,RPG,,,,,,False,,
BR-007-CP,Alex Kidd in Miracle World,,,1986,,CP,Action,Platform,,,,,,False,,
BR-007-GG,Alex Kidd in Miracle World,,,1986,,GG,Action,Platform,,,,,,False,[Verificar ano da edição],
BR-008-CP,Alex Kidd In Shinobi World,,,1990,,CP,Action,Platform,,,,,,False,,
BR-008-GG,Alex Kidd In Shinobi World,,,1990,,GG,Action,Platform,,,,,,False,[Verificar ano da edição],
BR-009-CP,Alex Kidd: The Lost Stars,,,1988,,CP,Action,,,,,,,True,,
BR-010-GG,Alien 3,,,1992,,GG,Action,,,,,,,False,,
BR-011-GG,Alien Storm,,,1991,,GG,Action,,,,,,,False,,
BR-012-GG,Alien Syndrome,,,1987,,GG,Action,,,,,,,True,,
BR-013-AZ,Altered Beast,,,1989,,AZ,Action,,,,,,,True,[Verificar ano da edição],
BR-013-CP,Altered Beast,,,1989,,CP,Action,,,,,,,True,,
BR-013-GG,Altered Beast,,,1989,,GG,Action,,,,,,,True,[Verificar ano da edição],
BR-014-GG,American Baseball,,,1989,,GG,Sport,,,,,,,False,,
BR-015-AB,Andre Agassi Tennis,,,1993,,AB,Sport,,,,,,,False,,
BR-016-AZ,Ariel The Little Mermaid,,,1996,,AZ,Action,,,,,,,False,,
BR-017-AZ,As Aventuras da TV Colosso,,,1996,,AZ,Action,,,,,,,False,,
BR-018-CP,Assault City,,,1990,,CP,Action,,,,,,,False,,
BR-019-GG,Asterix,,,1991,,GG,Action,,,,,,,False,,
BR-020-AB,Asterix and the Great Rescue,,,1994,,AB,Action,,,,,,,False,,
BR-021-AB,Astérix and the Secret Mission,,,1994,,AB,Action,,,,,,,False,,
BR-022-CP,Astro Warrior,,,1986,,CP,Action,,,,,,,False,,
BR-022-GG,Astro Warrior,,,1986,,GG,Action,,,,,,,False,[Verificar ano da edição],
BR-023-GG,Ayrton Senna's Super Monaco GP II,,,1992,,GG,Racing,,,,,,,False,,
BR-024-CP,Aztec Adventure,,,1987,,CP,Action,,,,,,,True,,
BR-025-GG,Back to the Future II,,,1991,,GG,Action,,,,,,,False,,
BR-026-AZ,Baku Baku,,,1996,,AZ,Action,,,,,,,False,,
BR-027-GG,Bank Panic,,,1987,,GG,Action,,,,,,,False,,
BR-028-GG,Basketball Nightmare,,,1989,,GG,Sport,,,,,,,False,,
BR-029-GP,Batman Returns,,,1993,,GP,Action,,,,,,,False,,
BR-030-CP,Battle OutRun,,,1989,,CP,Racing,,,,,,,True,,
BR-031-AZ,Battlemaniacs,,,1996,,AZ,Action,,,,,,,False,,
BR-032-CP,Black Belt,,,1986,,CP,Action,,,,,,,False,,
BR-033-CP,Blade Eagle 3D,,,1988,,CP,Action,,3D Glasses,,,,,True,,
BR-034-GG,Bonanza Brothers,,,1991,,GG,Action,,,,,,,False,,
BR-035-AB,Buggy Run,,,1993,,AB,Racing,,,,,,,False,,
BR-036-GG,Captain Silver,,,1988,,GG,Action,,,,,,,False,,
BR-037-AZ,Castelo Rá-Tim-Bum,,,1997,,AZ,Action,,,,,,,True,,
BR-038-CP,Castle of Illusion Estrelando Mickey Mouse,,,1991,,CP,Action,,,,,,,False,,
BR-038-GG,Castle of Illusion Estrelando Mickey Mouse,,,1991,,GG,Action,,,,,,,False,[Verificar ano da edição],
BR-039-AB,Champions of Europe,,,1992,,AB,Sport,,,,,,,False,,
BR-040-AB,Chapolim x Drácula: Um Duelo Assustador,,,1993,,AB,Action,,,,,,,False,,
BR-041-AZ,Cheese Cat-Astrophe estrelando Speedy Gonzales,,,1995,,AZ,Action,,,,,,,False,,
BR-042-CP,Choplifter,,,1986,,CP,Action,,,,,,,False,,
BR-043-GP,Chuck Rock,,,1992,,GP,Action,,,,,,,False,,
BR-044-AB,Chuck Rock II: Son of Chuck,,,1993,,AB,Action,,,,,,,False,,
BR-045-CP,Cloud Master,,,1989,,CP,Action,,,,,,,True,,
BR-046-AB,Crash Dummies,,,1993,,AB,Action,,,,,,,False,,
BR-047-GG,Cyber Shinobi,,,1991,,GG,Action,,,,,,,False,,
BR-048-GG,Cyborg Hunter,,,1988,,GG,Action,,,,,,,True,,
BR-049-AB,Daffy Duck in Hollywood,,,1994,,AB,Action,,,,,,,False,,
BR-050-GG,Danan,,,1991,,GG,Action,,,,,,,False,,
BR-051-CP,Dead Angle,,,1989,,CP,Action,,,,,,,False,,
BR-052-AB,Deep Duck Trouble estrelando Pato Donald,,,1994,,AB,Action,,,,,,,False,,
BR-053-AB,Desert Speedtrap starring Road Runner and Wile E. Coyote,,,1993,,AB,Action,,,,,,,False,,
BR-054-GG,Dick Tracy,,,1991,,GG,Action,,,,,,,False,,
BR-055-AB,Disney's Aladdin,,,1994,,AB,Action,,,,,,,False,,
BR-056-AZ,Disney's Bonkers Wax Up!,,,1995,,AZ,Action,,,,,,,False,,
BR-057-CP,Double Dragon,,,1988,,CP,Action,,,,,,,True,,
BR-058-AB,Dr. Robotnik's Mean Bean Machine,,,1993,,AB,Strategy,,,,,,,False,,
BR-059-AB,Dragon Crystal,,,1991,,AB,RPG,,,,,,,False,,
BR-060-GG,Dragon Maze,,,1988,,GG,Action,,,,,,,False,,
BR-061-GG,Dynamite Duke,,,1991,,GG,Action,,,,,,,False,,
BR-062-CP,Dynamite Dux,,,1990,,CP,Action,,,,,,,False,,
BR-063-AZ,Dynamite Headdy,,,1995,,AZ,Action,,,,,,,False,,
BR-064-CP,E-SWAT,,,1990,,CP,Action,,,,,,,False,,
BR-064-GG,E-SWAT,,,1990,,GG,Action,,,,,,,False,[Verificar ano da edição],
BR-065-AZ,Earthworm Jim,,,1997,,AZ,Action,,,,,,,False,,
BR-066-AB,Ecco The Dolphin,,,1993,,AB,Action,,,,,,,False,,
BR-067-AZ,Ecco: The Tides of Time,,,1996,,AZ,Action,,,,,,,False,,
BR-068-GG,F-16 Fighter,,,1986,,GG,Shooting,,,,,,,False,,
BR-069-AB,F1,,,1993,,AB,Shooting,,,,,,,False,,
BR-070-CP,Fantasy Zone II,,,1987,,CP,Action,,,,,,,True,,
BR-071-CP,Fantasy Zone: The Maze,,,1987,,CP,Action,,,,,,,True,,
BR-072-AZ,Férias Frustradas do Pica-Pau,,,1996,,AZ,Action,,,,,,,False,,
BR-073-AZ,FIFA International Soccer,,,1996,,AZ,Sport,,,,,,,False,,
BR-074-AZ,Fire & Ice,,,1995,,AZ,Action,,,,,,,False,,
BR-075-GG,Forgotten Worlds,,,1991,,GG,Action,,,,,,,False,,
BR-076-GG,G-Loc,,,1991,,GG,Shooting,,,,,,,False,,
BR-077-GG,Gain Ground,,,1991,,GG,Action,,,,,,,False,,
BR-078-CP,Galaxy Force,,,1989,,CP,Action,,,,,,,True,,
BR-078-GG,Galaxy Force,,,1989,,GG,Action,,,,,,,True,[Verificar ano da edição],
BR-079-MG,Game Box série Corridas,,,1996,,MG,Sport,,,,,,,False,,
BR-080-MG,Game Box série Esportes,,,1996,,MG,Sport,,,,,,,False,,
BR-081-MG,Game Box série Esportes Radicais,,,1996,,MG,Sport,,,,,,,False,,
BR-082-MG,Game Box série Lutas,,,1996,,MG,Fight,,,,,,,False,,
BR-083-GG,Gang's Fighter,,,1986,,GG,Action,,,,,,,False,,
BR-084-AZ,Gangster Town,,,1987,,AZ,Action,,,,,,,False,[Verificar ano da edição],
BR-084-CP,Gangster Town,,,1987,,CP,Action,,,,,,,False,,
BR-085-GG,Gauntlet,,,1990,,GG,Action,,,,,,,False,,
BR-086-AB,George Foreman's KO Boxing,,,1992,,AB,Fight,,,,,,,False,,
BR-087-AB,Geraldinho,,,1995,,AB,Action,,,,,,,False,,
BR-088-GG,Ghost House,,,1986,,GG,Action,,,,,,,False,,
BR-089-CP,Ghostbusters,,,1987,,CP,Action,,,,,,,False,,
BR-090-AZ,Ghouls 'n Ghosts,,,1991,,AZ,Action,,,,,,,False,[Verificar ano da edição],
BR-090-CP,Ghouls 'n Ghosts,,,1991,,CP,Action,,,,,,,False,,
BR-090-GG,Ghouls 'n Ghosts,,,1991,,GG,Action,,,,,,,False,[Verificar ano da edição],
BR-091-CP,Global Defense,,,1987,,CP,Action,,,,,,,True,,
BR-092-GP,Global Gladiators,,,1993,,GP,Action,,,,,,,False,,
BR-093-CP,Golden Axe,,,1989,,CP,Action,,,,,,,False,,
BR-093-GG,Golden Axe,,,1989,,GG,Action,,,,,,,False,[Verificar ano da edição],
BR-094-GG,Golden Axe Warrior,,,1991,,GG,Action,,,,,,,False,,
BR-095-GG,Golfamania,,,1990,,GG,Sport,,,,,,,True,,
BR-096-GG,Golvellius,,,1988,,GG,RPG,,,,,,,True,,
BR-097-GP,GP Rider,,,1988,,GP,Racing,,,,,,,False,,
BR-098-CP,Great Basket,,,1987,,CP,Sport,,,,,,,False,,
BR-099-CP,Great Voley,,,1987,,CP,Sport,,,,,,,False,,
BR-099-GG,Great Voley,,,1987,,GG,Sport,,,,,,,False,[Verificar ano da edição],
BR-100-CU,Hang On & Safari Hunt,,,1986,,CU,Action,,,,,,,False,,
BR-101-GG,Heavyweight Champ,,,1990,,GG,Sport,,,,,,,False,,
BR-102-GG,Heroes of the Lance,,,1991,,GG,RPG,,,,,,,False,,
BR-103-GG,Impossible Mission,,,1990,,GG,Action,,,,,,,False,,
BR-104-AZ,Indiana Jones e a Última Cruzada,,,1990,,AZ,Action,,,,,,,False,[Verificar ano da edição],
BR-104-GG,Indiana Jones e a Última Cruzada,,,1990,,GG,Action,,,,,,,False,,
BR-105-AB,James Bond 007 - The Duel,,,1993,,AB,Action,,,,,,,False,,
BR-106-AZ,James Pond 2 Codename RoboCod,,,1993,,AZ,Action,,,,,,,False,,
BR-107-GG,Joe Montana Football,,,1990,,GG,Sport,,,,,,,False,,
BR-108-CP,Jogos de Verão,,,1989,,CP,,,,,,,,,,
BR-108-GG,Jogos de Verão,,,1989,,GG,Sport,,,,,,,True,,
BR-109-AB,Jogos de Verão II,,,1993,,AB,Sport,,,,,,,False,,
BR-110-GG,Jogos Olímpicos,,,1990,,GG,Sport,,,,,,,True,,
BR-111-AB,Jurassic Park,,,1993,,AB,Action,,,,,,,False,,
BR-112-CP,Kenseiden,,,1988,,CP,Action,,,,,,,True,,
BR-112-GG,Kenseiden,,,1988,,GG,Action,,,,,,,True,[Verificar ano da edição],
BR-113-AB,Krusty's Fun House,,,1993,,AB,Strategy,,,,,,,False,,
BR-114-GG,Kung Fu Kid,,,1987,,GG,Action,,,,,,,False,,
BR-115-GP,Land of Illusion Estrelando Mickey Mouse,,,1993,,GP,Action,,,,,,,False,,
BR-116-AZ,Legend of Illusion starring Mickey Mouse,,,1998,,AZ,Action,,,,,,,False,[Verificar ano da edição],
BR-117-GG,Lemmings,,,1992,,GG,Strategy,,,,,,,False,,
BR-118-GG,Line of Fire,,,1991,,GG,Action,,,,,,,False,,
BR-119-GG,Lord of the Sword,,,1988,,GG,RPG,,,,,,,False,,
BR-120-CP,Marksman Shooting & Trap Shooting,,,1986,,CP,Shooting,,,,,,,False,,
BR-121-GP,Master of Darkness,,,1993,,GP,Action,,,,,,,False,,
BR-122-AB,Masters of Combat,,,1993,,AB,Fight,,,,,,,False,,
BR-123-CP,Maze Hunter 3D,,,1988,,CP,Action,,3D Glasses,,,,,True,,
BR-124-GG,Mercs,,,1991,,GG,Action,,,,,,,False,,
BR-125-AZ,Mickey's Ultimate Challenge,,,1998,,AZ,Action,,,,,,,False,,
BR-126-GG,Minigolf,,,1992,,GG,Sport,,,,,,,False,,
BR-127-GG,Miracle Warriors,,,1987,,GG,RPG,,,,,,,False,,
BR-128-CP,Missile Defense 3D,,,1987,,CP,Shooting,,3D Glasses,,,,,False,,
BR-128-GG,Missile Defense 3D,,,1987,,GG,Shooting,,3D Glasses,,,,,False,[Verificar ano da edição],
BR-129-GG,Mônica no Castelo do Dragão,,,1992,,GG,Action,,,,,,,True,,
BR-130-CP,Moonwalker,,,1990,,CP,Action,,,,,,,False,,
BR-130-GG,Moonwalker,,,1990,,GG,Action,,,,,,,False,[Verificar ano da edição],
BR-131-AB,Mortal Kombat,,,1993,,AB,Fight,,,,,,,False,,
BR-132-AZ,Mortal Kombat 3,,,1996,,AZ,Fight,,,,,,,False,,
BR-133-AB,Mortal Kombat II,,,1994,,AB,Fight,,,,,,,False,,
BR-134-GG,Ms. Pac-Man,,,1991,,GG,Action,,,,,,,False,,
BR-135-GG,Ninja Gaiden,,,1992,,GG,Action,,,,,,,False,,
BR-136-GG,Nuclear Creature,,,1985,,GG,Action,,,,,,,False,,
BR-137-GG,Olympic Gold,,,1992,,GG,Sport,,,,,,,False,,
BR-138-CP,Operation Wolf,,,1990,,CP,Shooting,,,,,,,False,,
BR-139-AZ,Out Run,,,1987,,AZ,Racing,,,,,,,True,[Verificar ano da edição],
BR-139-CP,Out Run,,,1987,,CP,Racing,,,,,,,True,,
BR-140-CP,Out Run 3D,,,1989,,CP,Racing,,3D Glasses,,,,,False,,
BR-141-GG,Out Run Europa,,,1992,,GG,Racing,,,,,,,False,,
BR-142-CP,Paper Boy,,,1990,,CP,Action,,,,,,,False,,
BR-142-GG,Paper Boy,,,1990,,GG,Action,,,,,,,False,[Verificar ano da edição],
BR-143-AZ,Phantasy Star,,,1987,,AZ,RPG,,,,,,,False,[Verificar ano da edição],
BR-143-GG,Phantasy Star,,,1987,,GG,RPG,,,,,,,False,,
BR-144-AB,Pit-Fighter,,,1992,,AB,Fight,,,,,,,False,,
BR-145-AB,Populous,,,1991,,AB,Strategy,,,,,,,False,,
BR-146-CP,Poseidon Wars 3D,,,1989,,CP,Shooting,,3D Glasses,,,,,True,,
BR-147-GG,Power Strike,,,1988,,GG,Shooting,,,,,,,False,,
BR-148-AB,Power Strike II,,,1993,,AB,Shooting,,,,,,,False,,
BR-149-GP,Predator 2,,,1993,,GP,Action,,,,,,,False,,
BR-150-AB,Prince of Persia,,,1992,,AB,Action,,,,,,,False,,
BR-151-CP,Pro Wrestling,,,1986,,CP,Action,,,,,,,False,,
BR-152-GG,Psychic World,,,1991,,GG,Action,,,,,,,False,,
BR-153-CP,Psycho Fox,,,1989,,CP,Action,,,,,,,False,,
BR-153-GG,Psycho Fox,,,1989,,GG,Action,,,,,,,False,[Verificar ano da edição],
BR-154-AB,Quest for the Shaven Yak Starring Ren Hoëk & Stimpy,,,1995,,AB,Action,,,,,,,False,,
BR-155-CP,R-Type,,,1988,,CP,Nave,,,,,,,True,,
BR-156-CP,R.C. Grand Prix,,,1990,,CP,Racing,,,,,,,False,,
BR-156-GG,R.C. Grand Prix,,,1990,,GG,Racing,,,,,,,False,[Verificar ano da edição],
BR-157-AZ,Rainbow Islands,,,1993,,AZ,Action,,,,,,,False,,
BR-158-CP,Rambo III,,,1988,,CP,Shooting,,,,,,,True,,
BR-159-GG,Rampage,,,1988,,GG,Action,,,,,,,True,,
BR-160-GG,Rastan,,,1989,,GG,Action,,,,,,,True,,
BR-161-GP,Renegade,,,1993,,GP,Action,,,,,,,False,,
BR-162-CP,Rescue Mission,,,1988,,CP,Action,,,,,,,True,,
BR-163-AB,Road Rash,,,1994,,AB,Racing,,,,,,,False,,
BR-164-AZ,RoboCop 3,,,1993,,AZ,Action,,,,,,,False,,
BR-165-AB,RoboCop versus The Terminator,,,1993,,AB,Action,,,,,,,False,,
BR-166-CP,Rocky,,,1987,,CP,Action,,,,,,,False,,
BR-167-GG,Running Battle,,,1991,,GG,Action,,,,,,,False,,
BR-168-GG,Sagaia,,,1992,,GG,Nave,,,,,,,False,,
BR-169-AB,Sapo Xulé vs. Os Invasores do Brejo,,,1995,,AB,Action,,,,,,,False,,
BR-170-AZ,Sapo Xulé: O Mestre do Kung Fu,,,1995,,AZ,Action,,,,,,,False,,
BR-171-AZ,Sapo Xulé: S.O.S. Lagoa Poluída,,,1995,,AZ,Action,,,,,,,False,,
BR-172-GG,Scramble Spirits,,,1989,,GG,Shooting,,,,,,,True,,
BR-173-GG,Sega Chess,,,1991,,GG,Sport,,,,,,,False,,
BR-174-GP,Sega World Tournament Golf,,,1993,,GP,Sport,,,,,,,False,,
BR-175-AB,Shadow of the Beast,,,1991,,AB,Action,,,,,,,False,,
BR-176-CP,Shapes and Columns,,,1990,,CP,Strategy,,,,,,,False,,
BR-176-GG,Shapes and Columns,,,1990,,GG,Strategy,,,,,,,False,[Verificar ano da edição],
BR-177-AB,Shinobi,,,1988,,AB,Action,,,,,,,False,[Verificar ano da edição],
BR-177-CP,Shinobi,,,1988,,CP,,,,,,,,,,
BR-177-GG,Shinobi,,,1988,,GG,Action,,,,,,,False,,
BR-178-GG,Shooting G,,,1987,,GG,Shooting,,,,,,,False,,
BR-179-AZ,Sítio do Picapau Amarelo,,,1998,,AZ,Action,,,,,,,False,,
BR-180-GP,Slap Shot,,,1990,,GP,Sport,,,,,,,False,,
BR-181-AZ,Sonic Blast,,,1997,,AZ,Action,,,,,,,False,,
BR-182-GG,Sonic The Hedgehog,,,1991,,GG,Action,,,,,,,False,,
BR-183-GG,Sonic The Hedgehog 2,,,1992,,GG,Action,,,,,,,False,,
BR-184-AB,Sonic The Hedgehog: Chaos,,,1993,,AB,Action,,,,,,,False,,
BR-185-AB,Sonic The Hedgehog: Spinball,,,1995,,AB,Action,,,,,,,False,,
BR-186-CP,Space Harrier 3D,,,1988,,CP,Action,,3D Glasses,,,,,True,,
BR-187-GG,SpellCaster,,,1988,,GG,RPG,,,,,,,True,,
BR-188-GG,Spider-Man,,,1991,,GG,Action,,,,,,,False,,
BR-189-AB,Spider-Man: Return of the Sinister Six,,,1993,,AB,Action,,,,,,,False,,
BR-190-GG,Spy vs. Spy,,,1986,,GG,Action,,,,,,,False,,
BR-191-AB,Star Wars,,,1993,,AB,Action,,,,,,,False,,
BR-192-AZ,Street Fighter II,,,1997,,AZ,Fight,,,,,,,False,,
BR-193-GP,Streets of Rage,,,1993,,GP,Action,Beat 'em Up,,,,,,False,,
BR-194-AB,Streets of Rage II,,,1994,,AB,Action,Beat 'em Up,,,,,,False,,
BR-195-GG,Strider,,,1991,,GG,Action,Beat 'em Up,,,,,,False,,
BR-196-AB,Strider II,,,1993,,AB,Action,Beat 'em Up,,,,,,False,,
BR-197-GG,Submarine Attack,,,1990,,GG,Action,,,,,,,False,,
BR-198-CP,Super Cross,,,1987,,CP,Sport,,,,,,,False,,
BR-199-CP,Super Futebol,,,1987,,CP,Sport,,,,,,,False,,
BR-200-CP,Super Futebol II,,,1990,,CP,Sport,,,,,,,False,,
BR-200-GG,Super Futebol II,,,1990,,GG,Sport,,,,,,,False,[Verificar ano da edição],
BR-201-GG,Super Kick Off,,,1991,,GG,Sport,,,,,,,False,,
BR-202-AZ,Super Mônaco GP,,,1990,,AZ,Racing,,,,,,,False,,
BR-202-CP,Super Mônaco GP,,,1990,,CP,Racing,,,,,,,False,,
BR-203-CP,Super Tennis,,,1989,,CP,Sport,,,,,,,True,,
BR-204-AB,Superman: The Man of Steel,,,1993,,AB,Action,,,,,,,False,,
BR-205-AZ,Taz in Escape From Mars,,,1997,,AZ,Action,,,,,,,False,,
BR-206-GP,Taz-Mania,,,1993,,GP,Action,Platform,,,,,,False,[Verificar ano da edição],
BR-207-GG,Teddy Boy,,,1985,,GG,Action,Platform,,,,,,False,,
BR-208-AB,The Flash,,,1993,,AB,Action,,,,,,,False,,
BR-209-CP,The Flintstones,,,1991,,CP,Action,,,,,,,False,,
BR-210-AB,The Incredible Hulk,,,1994,,AB,Action,,,,,,,False,,
BR-211-AB,The Jungle Book,,,1994,,AB,Action,Platform,,,,,,False,,
BR-212-AB,The Lion King,,,1994,,AB,Action,Platform,,,,,,False,,
BR-213-GG,The Lucky Dime Caper Estrelando Pato Donald,,,1991,,GG,Action,,,,,,,False,,
BR-214-GP,The Ninja,,,1986,,GP,Action,Platform,,,,,,False,,
BR-215-AB,The Ottifants,,,1993,,AB,Action,Platform,,,,,,False,,
BR-216-GG,The Secret of Shinobi,,,1991,,GG,Action,Beat 'em Up,,,,,,False,,
BR-217-GG,The Simpsons: Bart vs. The Space Mutants,,,1992,,GG,Action,,,,,,,False,,
BR-218-AB,The Simpsons: Bart vs. The World,,,1993,,AB,Action,,,,,,,False,,
BR-219-AZ,The Smurfs,,,1995,,AZ,Action,,,,,,,False,,
BR-220-AB,The Terminator,,,1992,,AB,Action,,,,,,,False,,
BR-221-CP,Thunder Blade,,,1988,,CP,Action,,,,,,,True,,
BR-222-GG,Time Soldiers,,,1989,,GG,Action,,,,,,,True,,
BR-223-GG,Tom and Jerry: The Movie,,,1992,,GG,Action,,,,,,,False,,
BR-224-AB,Turma da Mônica em: O Resgate,,,1993,,AB,Action,,,,,,,False,,
BR-225-GG,Última IV,,,1990,,GG,RPG,,,,,,,True,,
BR-226-AB,Ultimate Soccer,,,1993,,AB,Sport,,,,,,,False,,
BR-227-CP,Vigilante,,,1989,,CP,Action,,,,,,,True,,
BR-227-GG,Vigilante,,,1989,,GG,Action,,,,,,,True,[Verificar ano da edição],
BR-228-AZ,Virtua Fighter Animation,,,1997,,AZ,Fight,,,,,,,False,,
BR-229-CP,Wanted,,,1989,,CP,Shooting,,,,,,,False,,
BR-230-AB,Where in the World is Carmen Sandiego?,,,1988,,AB,Strategy,,,,,,,False,,
BR-231-GP,Wimbledon,,,1992,,GP,Sport,,,,,,,False,,
BR-232-AB,Winter Olympics,,,1994,,AB,Sport,,,,,,,False,,
BR-233-AB,Wolfchild,,,1993,,AB,Action,,,,,,,False,,
BR-234-CP,Wonder Boy,,,1988,,CP,Action,,,,,,,False,,
BR-235-GP,World Class Leader Board,,,1991,,GP,Sport,,,,,,,False,,
BR-236-AB,World Cup USA 94,,,1994,,AB,Sport,,,,,,,False,,
BR-237-GG,World Games,,,1990,,GG,Sport,,,,,,,False,,
BR-238-CP,World Grand Prix,,,1986,,CP,Racing,,,,,,,False,,
BR-238-GG,World Grand Prix,,,1986,,GG,Racing,,,,,,,False,[Verificar ano da edição],
BR-239-AB,WWF Wrestlemania Steel Cage Challenge,,,1993,,AB,Fight,,,,,,,False,,
BR-240-AZ,X-Men Mojo World,,,1996,,AZ,Action,,,,,,,False,,
BR-241-GG,Y's,,,1988,,GG,RPG,,,,,,,False,,
BR-242-CP,Zaxxon 3D,,,1987,,CP,Shooting,,3D Glasses,,,,,True,,
BR-243-GG,Zillion,,,1987,,GG,Action,,,,,,,False,,
BR-244-CP,Zillion II,,,1987,,CP,Action,,,,,,,False,,
