"ID","Titulo","Ano","Edicao","Capa","Score","Status"
"BR-245-CU","20 em 1","1999","CU","043 - 20 em 1.png","100","CONFIRMADO"
"BR-001-GG","Ace of Aces","1991","GG","181 - Ace of Aces.jpg","100","CONFIRMADO"
"BR-002-GG","Action Fighter","1986","GG","324 - Action Fighter.jpg","100","CONFIRMADO"
"BR-003-GG","Aerial Assault","1990","GG","189 - Aerial Assault.webp","100","CONFIRMADO"
"BR-004-CP","After Burner","1987","CP","275 - After Burner.jpg","100","CONFIRMADO"
"BR-004-GG","After Burner","1987","GG","275 - After Burner.jpg","100","CONFIRMADO"
"BR-005-GG","Air Rescue","1992","GG","141 - Air Rescue.jpg","100","CONFIRMADO"
"BR-006-GG","Alex Kidd High-Tech World","1989","GG","225 - Alex Kidd_ High-Tech World.jpg","100","CONFIRMADO"
"BR-007-CP","Alex Kidd in Miracle World","1986","CP","317 - Alex Kidd in Miracle World.jpg","100","CONFIRMADO"
"BR-007-GG","Alex Kidd in Miracle World","1986","GG","317 - Alex Kidd in Miracle World.jpg","100","CONFIRMADO"
"BR-008-CP","Alex Kidd In Shinobi World","1990","CP","200 - Alex Kidd in Shinobi World.jpg","100","CONFIRMADO"
"BR-008-GG","Alex Kidd In Shinobi World","1990","GG","200 - Alex Kidd in Shinobi World.jpg","100","CONFIRMADO"
"BR-009-CP","Alex Kidd: The Lost Stars","1988","CP","265 - Alex Kidd_ The Lost Stars.jpg","100","CONFIRMADO"
"BR-010-GG","Alien 3","1992","GG","125 - Alien 3.jpg","100","CONFIRMADO"
"BR-011-GG","Alien Storm","1991","GG","164 - Alien Storm.jpg","100","CONFIRMADO"
"BR-012-GG","Alien Syndrome","1987","GG","279 - Alien Syndrome.jpg","100","CONFIRMADO"
"BR-013-AZ","Altered Beast","1989","AZ","227 - Altered Beast.jpg","100","CONFIRMADO"
"BR-013-CP","Altered Beast","1989","CP","227 - Altered Beast.jpg","100","CONFIRMADO"
"BR-013-GG","Altered Beast","1989","GG","227 - Altered Beast.jpg","100","CONFIRMADO"
"BR-014-GG","American Baseball","1989","GG","233 - American Baseball.jpg","100","CONFIRMADO"
"BR-015-AB","Andre Agassi Tennis","1993","AB","108 - Andre Agassi Tennis.jpg","100","CONFIRMADO"
"BR-016-AZ","Ariel The Little Mermaid","1996","AZ","025 - Ariel the Little Mermaid.jpg","100","CONFIRMADO"
"BR-017-AZ","As Aventuras da TV Colosso","1996","AZ","021 - As Aventuras da TV Colosso.jpg","100","CONFIRMADO"
"BR-018-CP","Assault City","1990","CP","202 - Assault City.jpg","100","CONFIRMADO"
"BR-019-GG","Asterix","1991","GG","147 - Asterix.jpg","100","CONFIRMADO"
"BR-020-AB","Asterix and the Great Rescue","1994","AB","056 - Astérix and the Great Rescue.jpg","100","CONFIRMADO"
"BR-021-AB","Astérix and the Secret Mission","1994","AB","054 - Astérix and the Secret Mission.jpg","100","CONFIRMADO"
"BR-022-CP","Astro Warrior","1986","CP","284 - Astro Warrior _ Pit Pot.jpg","100","CONFIRMADO"
"BR-022-GG","Astro Warrior","1986","GG","284 - Astro Warrior _ Pit Pot.jpg","100","CONFIRMADO"
"BR-023-GG","Ayrton Senna's Super Monaco GP II","1992","GG","134 - Ayrton Senna's Super Monaco GP II.jpg","100","CONFIRMADO"
"BR-024-CP","Aztec Adventure","1987","CP","285 - Aztec Adventure_ The Golden Road to Paradise.jpg","100","CONFIRMADO"
"BR-025-GG","Back to the Future II","1991","GG","139 - Back to the Future Part III.jpg","100","CONFIRMADO"
"BR-026-AZ","Baku Baku","1996","AZ","027 - Baku Baku Animal.jpg","100","CONFIRMADO"
"BR-027-GG","Bank Panic","1987","GG","308 - Bank Panic.jpg","100","CONFIRMADO"
"BR-028-GG","Basketball Nightmare","1989","GG","214 - Basketball Nightmare.jpg","100","CONFIRMADO"
"BR-029-GP","Batman Returns","1993","GP","095 - Batman Returns.jpg","100","CONFIRMADO"
"BR-030-CP","Battle OutRun","1989","CP","235 - Battle OutRun.jpg","100","CONFIRMADO"
"BR-031-AZ","Battlemaniacs","1996","AZ","019 - Battletoads in Battlemaniacs.jpg","100","CONFIRMADO"
"BR-032-CP","Black Belt","1986","CP","318 - Black Belt.jpg","100","CONFIRMADO"
"BR-033-CP","Blade Eagle 3D","1988","CP","263 - Blade Eagle.jpg","100","CONFIRMADO"
"BR-034-GG","Bonanza Brothers","1991","GG","163 - Bonanza Bros..jpg","100","CONFIRMADO"
"BR-035-AB","Buggy Run","1993","AB","063 - Buggy Run.jpg","100","CONFIRMADO"
"BR-036-GG","Captain Silver","1988","GG","254 - Captain Silver.jpg","100","CONFIRMADO"
"BR-037-AZ","Castelo Rá-Tim-Bum","1997","AZ","013 - Castelo Rá-Tim-Bum.jpg","100","CONFIRMADO"
"BR-038-CP","Castle of Illusion Estrelando Mickey Mouse","1991","CP","178 - Castle of Illusion.jpg","100","CONFIRMADO"
"BR-038-GG","Castle of Illusion Estrelando Mickey Mouse","1991","GG","178 - Castle of Illusion.jpg","100","CONFIRMADO"
"BR-039-AB","Champions of Europe","1992","AB","138 - Champions of Europe.jpg","100","CONFIRMADO"
"BR-040-AB","Chapolim x Drácula: Um Duelo Assustador","1993","AB","101 - Chapolim X Drácula_ Um Duelo Assustador.jpg","100","CONFIRMADO"
"BR-041-AZ","Cheese Cat-Astrophe estrelando Speedy Gonzales","1995","AZ","041 - Cheese Cat-Astrophe Starring Speedy Gonzales.jpg","100","CONFIRMADO"
"BR-042-CP","Choplifter","1986","CP","321 - Choplifter.jpg","100","CONFIRMADO"
"BR-043-GP","Chuck Rock","1992","GP","071 - Chuck Rock II_ Son of Chuck.jpg","100","CONFIRMADO"
"BR-044-AB","Chuck Rock II: Son of Chuck","1993","AB","071 - Chuck Rock II_ Son of Chuck.jpg","100","CONFIRMADO"
"BR-045-CP","Cloud Master","1989","CP","220 - Cloud Master.jpg","100","CONFIRMADO"
"BR-046-AB","Crash Dummies","1993","AB","113 - The Incredible Crash Dummies.jpg","100","CONFIRMADO"
"BR-047-GG","Cyber Shinobi","1991","GG","172 - Cyber Shinobi.jpg","100","CONFIRMADO"
"BR-048-GG","Cyborg Hunter","1988","GG","240 - Cyborg Hunter.webp","100","CONFIRMADO"
"BR-049-AB","Daffy Duck in Hollywood","1994","AB","045 - Daffy Duck in Hollywood.jpg","100","CONFIRMADO"
"BR-050-GG","Danan","1991","GG","182 - Danan.jpg","100","CONFIRMADO"
"BR-051-CP","Dead Angle","1989","CP","224 - Dead Angle.jpg","100","CONFIRMADO"
"BR-052-AB","Deep Duck Trouble estrelando Pato Donald","1994","AB","053 - Deep Duck Trouble Starring Donald Duck.jpg","100","CONFIRMADO"
"BR-053-AB","Desert Speedtrap starring Road Runner and Wile E. Coyote","1993","AB","115 - Desert Speedtrap.jpg","100","CONFIRMADO"
"BR-054-GG","Dick Tracy","1991","GG","175 - Dick Tracy.jpg","100","CONFIRMADO"
"BR-055-AB","Disney's Aladdin","1994","AB","049 - Aladdin.jpg","100","CONFIRMADO"
"BR-056-AZ","Disney's Bonkers Wax Up!","1995","AZ","040 - Bonkers Wax Up!.jpg","100","CONFIRMADO"
"BR-057-CP","Double Dragon","1988","CP","245 - Double Dragon.jpg","100","CONFIRMADO"
"BR-058-AB","Dr. Robotnik's Mean Bean Machine","1993","AB","062 - Dr. Robotnik's Mean Bean Machine.jpg","100","CONFIRMADO"
"BR-059-AB","Dragon Crystal","1991","AB","165 - Dragon Crystal.jpg","100","CONFIRMADO"
"BR-060-GG","Dragon Maze","1988","GG","253 - Dragon Maze.jpg","100","CONFIRMADO"
"BR-061-GG","Dynamite Duke","1991","GG","174 - Dynamite Duke.jpg","100","CONFIRMADO"
"BR-062-CP","Dynamite Dux","1990","CP","211 - Dynamite Dux.jpg","100","CONFIRMADO"
"BR-063-AZ","Dynamite Headdy","1995","AZ","038 - Dynamite Headdy.jpg","100","CONFIRMADO"
"BR-064-CP","E-SWAT","1990","CP","201 - E-SWAT.jpg","100","CONFIRMADO"
"BR-064-GG","E-SWAT","1990","GG","201 - E-SWAT.jpg","100","CONFIRMADO"
"BR-065-AZ","Earthworm Jim","1997","AZ","015 - Earthworm Jim.jpg","100","CONFIRMADO"
"BR-066-AB","Ecco The Dolphin","1993","AB","116 - Ecco the Dolphin.jpg","100","CONFIRMADO"
"BR-067-AZ","Ecco: The Tides of Time","1996","AZ","026 - Ecco_ The Tides of Time.jpg","100","CONFIRMADO"
"BR-068-GG","F-16 Fighter","1986","GG","012 - Street Fighter II.jpg","100","CONFIRMADO"
"BR-069-AB","F1","1993","AB","064 - F1.jpg","100","CONFIRMADO"
"BR-070-CP","Fantasy Zone II","1987","CP","273 - Fantasy Zone_ The Maze.jpg","100","CONFIRMADO"
"BR-071-CP","Fantasy Zone: The Maze","1987","CP","273 - Fantasy Zone_ The Maze.jpg","100","CONFIRMADO"
"BR-072-AZ","Férias Frustradas do Pica-Pau","1996","AZ","018 - Férias Frustradas do Pica-Pau.jpg","100","CONFIRMADO"
"BR-073-AZ","FIFA International Soccer","1996","AZ","020 - FIFA International Soccer.webp","100","CONFIRMADO"
"BR-074-AZ","Fire & Ice","1995","AZ","036 - Fire & Ice.jpg","100","CONFIRMADO"
"BR-075-GG","Forgotten Worlds","1991","GG","171 - Forgotten Worlds.jpg","100","CONFIRMADO"
"BR-076-GG","G-Loc","1991","GG","151 - G-LOC_ Air Battle.jpg","100","CONFIRMADO"
"BR-077-GG","Gain Ground","1991","GG","180 - Gain Ground.jpg","100","CONFIRMADO"
"BR-078-CP","Galaxy Force","1989","CP","216 - Galaxy Force.jpg","100","CONFIRMADO"
"BR-078-GG","Galaxy Force","1989","GG","216 - Galaxy Force.jpg","100","CONFIRMADO"
"BR-079-MG","Game Box série Corridas","1996","MG","028 - Game Box Série Corridas.jpg","100","CONFIRMADO"
"BR-080-MG","Game Box série Esportes","1996","MG","023 - Game Box Série Esportes.jpg","100","CONFIRMADO"
"BR-081-MG","Game Box série Esportes Radicais","1996","MG","024 - Game Box Série Esportes Radicais.jpg","100","CONFIRMADO"
"BR-082-MG","Game Box série Lutas","1996","MG","022 - Game Box Série Lutas.jpg","100","CONFIRMADO"
"BR-083-GG","Gang's Fighter","1986","GG","332 - Gang's Fighter.jpg","100","CONFIRMADO"
"BR-084-AZ","Gangster Town","1987","AZ","289 - Gangster Town.jpg","100","CONFIRMADO"
"BR-084-CP","Gangster Town","1987","CP","289 - Gangster Town.jpg","100","CONFIRMADO"
"BR-085-GG","Gauntlet","1990","GG","192 - Gauntlet.jpg","100","CONFIRMADO"
"BR-086-AB","George Foreman's KO Boxing","1992","AB","146 - George Foreman's KO Boxing.webp","100","CONFIRMADO"
"BR-087-AB","Geraldinho","1995","AB","034 - Geraldinho.jpg","100","CONFIRMADO"
"BR-088-GG","Ghost House","1986","GG","329 - Ghost House.webp","100","CONFIRMADO"
"BR-089-CP","Ghostbusters","1987","CP","297 - Ghostbusters.jpg","100","CONFIRMADO"
"BR-090-AZ","Ghouls 'n Ghosts","1991","AZ","184 - Ghouls 'N Ghosts.jpg","100","CONFIRMADO"
"BR-090-CP","Ghouls 'n Ghosts","1991","CP","184 - Ghouls 'N Ghosts.jpg","100","CONFIRMADO"
"BR-090-GG","Ghouls 'n Ghosts","1991","GG","184 - Ghouls 'N Ghosts.jpg","100","CONFIRMADO"
"BR-091-CP","Global Defense","1987","CP","278 - Global Defense.jpg","100","CONFIRMADO"
"BR-092-GP","Global Gladiators","1993","GP","086 - Global Gladiators.jpg","100","CONFIRMADO"
"BR-093-CP","Golden Axe","1989","CP","173 - Golden Axe Warrior.jpg","100","CONFIRMADO"
"BR-093-GG","Golden Axe","1989","GG","173 - Golden Axe Warrior.jpg","100","CONFIRMADO"
"BR-094-GG","Golden Axe Warrior","1991","GG","173 - Golden Axe Warrior.jpg","100","CONFIRMADO"
"BR-095-GG","Golfamania","1990","GG","209 - Golfamania.jpg","100","CONFIRMADO"
"BR-096-GG","Golvellius","1988","GG","250 - Golvellius.jpg","100","CONFIRMADO"
"BR-097-GP","GP Rider","1988","GP","092 - Strider II.jpg","100","CONFIRMADO"
"BR-098-CP","Great Basket","1987","CP","301 - Great Basket.jpg","100","CONFIRMADO"
"BR-099-CP","Great Voley","1987","CP","302 - Great Voley.jpg","100","CONFIRMADO"
"BR-099-GG","Great Voley","1987","GG","302 - Great Voley.jpg","100","CONFIRMADO"
"BR-100-CU","Hang On & Safari Hunt","1986","CU","323 - Hang-On _ Safari Hunt.jpg","100","CONFIRMADO"
"BR-101-GG","Heavyweight Champ","1990","GG","204 - Heavyweight Champ.jpg","100","CONFIRMADO"
"BR-102-GG","Heroes of the Lance","1991","GG","149 - Heroes of the Lance.jpg","100","CONFIRMADO"
"BR-103-GG","Impossible Mission","1990","GG","193 - Impossible Mission.jpg","100","CONFIRMADO"
"BR-104-AZ","Indiana Jones e a Última Cruzada","1990","AZ","190 - Indiana Jones e a Última Cruzada.jpg","100","CONFIRMADO"
"BR-104-GG","Indiana Jones e a Última Cruzada","1990","GG","190 - Indiana Jones e a Última Cruzada.jpg","100","CONFIRMADO"
"BR-105-AB","James Bond 007 - The Duel","1993","AB","091 - James Bond 007_ The Duel.webp","100","CONFIRMADO"
"BR-106-AZ","James Pond 2 Codename RoboCod","1993","AZ","066 - James Pond II_ Codename RoboCod.jpg","100","CONFIRMADO"
"BR-107-GG","Joe Montana Football","1990","GG","191 - Joe Montana Football.jpg","100","CONFIRMADO"
"BR-108-CP","Jogos de Verão","1989","CP","102 - Jogos de Verão II.jpg","100","CONFIRMADO"
"BR-108-GG","Jogos de Verão","1989","GG","102 - Jogos de Verão II.jpg","100","CONFIRMADO"
"BR-109-AB","Jogos de Verão II","1993","AB","102 - Jogos de Verão II.jpg","100","CONFIRMADO"
"BR-110-GG","Jogos Olímpicos","1990","GG","194 - Jogos Olímpicos.jpg","100","CONFIRMADO"
"BR-111-AB","Jurassic Park","1993","AB","094 - Jurassic Park.jpg","100","CONFIRMADO"
"BR-112-CP","Kenseiden","1988","CP","258 - Kenseiden.jpg","100","CONFIRMADO"
"BR-112-GG","Kenseiden","1988","GG","258 - Kenseiden.jpg","100","CONFIRMADO"
"BR-113-AB","Krusty's Fun House","1993","AB","090 - Krusty's Fun House.jpg","100","CONFIRMADO"
"BR-114-GG","Kung Fu Kid","1987","GG","296 - Kung Fu Kid.jpg","100","CONFIRMADO"
"BR-115-GP","Land of Illusion Estrelando Mickey Mouse","1993","GP","083 - Land of Illusion estrelando Mickey Mouse.jpg","100","CONFIRMADO"
"BR-116-AZ","Legend of Illusion starring Mickey Mouse","1998","AZ","008 - Legend of Illusion.jpg","100","CONFIRMADO"
"BR-117-GG","Lemmings","1992","GG","118 - Lemmings.jpg","100","CONFIRMADO"
"BR-118-GG","Line of Fire","1991","GG","148 - Line of Fire.jpg","100","CONFIRMADO"
"BR-119-GG","Lord of the Sword","1988","GG","257 - Lord of the Sword.jpg","100","CONFIRMADO"
"BR-120-CP","Marksman Shooting & Trap Shooting","1986","CP","313 - Marksman Shooting & Trap Shooting.jpg","100","CONFIRMADO"
"BR-121-GP","Master of Darkness","1993","GP","088 - Master of Darkness.jpg","100","CONFIRMADO"
"BR-122-AB","Masters of Combat","1993","AB","061 - Masters of Combat.jpg","100","CONFIRMADO"
"BR-123-CP","Maze Hunter 3D","1988","CP","269 - Maze Hunter 3D.jpg","100","CONFIRMADO"
"BR-124-GG","Mercs","1991","GG","186 - Mercs.jpg","100","CONFIRMADO"
"BR-125-AZ","Mickey's Ultimate Challenge","1998","AZ","009 - Mickey's Ultimate Challenge.jpg","100","CONFIRMADO"
"BR-126-GG","Minigolf","1992","GG","143 - Minigolf.jpg","100","CONFIRMADO"
"BR-127-GG","Miracle Warriors","1987","GG","280 - Miracle Warriors_ Seal of the Dark Lord.webp","100","CONFIRMADO"
"BR-128-CP","Missile Defense 3D","1987","CP","288 - Missile Defense 3D.jpg","100","CONFIRMADO"
"BR-128-GG","Missile Defense 3D","1987","GG","288 - Missile Defense 3D.jpg","100","CONFIRMADO"
"BR-129-GG","Mônica no Castelo do Dragão","1992","GG","142 - Mônica no Castelo do Dragão.jpg","100","CONFIRMADO"
"BR-130-CP","Moonwalker","1990","CP","203 - Moonwalker.jpg","100","CONFIRMADO"
"BR-130-GG","Moonwalker","1990","GG","203 - Moonwalker.jpg","100","CONFIRMADO"
"BR-131-AB","Mortal Kombat","1993","AB","017 - Mortal Kombat 3.jpg","100","CONFIRMADO"
"BR-132-AZ","Mortal Kombat 3","1996","AZ","017 - Mortal Kombat 3.jpg","100","CONFIRMADO"
"BR-133-AB","Mortal Kombat II","1994","AB","017 - Mortal Kombat 3.jpg","100","CONFIRMADO"
"BR-134-GG","Ms. Pac-Man","1991","GG","155 - Ms. Pac-Man.jpg","100","CONFIRMADO"
"BR-135-GG","Ninja Gaiden","1992","GG","135 - Ninja Gaiden.jpg","100","CONFIRMADO"
"BR-136-GG","Nuclear Creature","1985","GG","335 - Nuclear Creature.jpg","100","CONFIRMADO"
"BR-137-GG","Olympic Gold","1992","GG","144 - Olympic Gold.jpg","100","CONFIRMADO"
"BR-138-CP","Operation Wolf","1990","CP","207 - Operation Wolf.jpg","100","CONFIRMADO"
"BR-139-AZ","Out Run","1987","AZ","140 - OutRun Europa.jpg","100","CONFIRMADO"
"BR-139-CP","Out Run","1987","CP","140 - OutRun Europa.jpg","100","CONFIRMADO"
"BR-140-CP","Out Run 3D","1989","CP","140 - OutRun Europa.jpg","100","CONFIRMADO"
"BR-141-GG","Out Run Europa","1992","GG","140 - OutRun Europa.jpg","100","CONFIRMADO"
"BR-142-CP","Paper Boy","1990","CP","188 - Paperboy.jpg","100","CONFIRMADO"
"BR-142-GG","Paper Boy","1990","GG","188 - Paperboy.jpg","100","CONFIRMADO"
"BR-143-AZ","Phantasy Star","1987","AZ","272 - Phantasy Star.jpg","100","CONFIRMADO"
"BR-143-GG","Phantasy Star","1987","GG","272 - Phantasy Star.jpg","100","CONFIRMADO"
"BR-144-AB","Pit-Fighter","1992","AB","117 - Pit-Fighter.jpg","100","CONFIRMADO"
"BR-145-AB","Populous","1991","AB","167 - Populous.jpg","100","CONFIRMADO"
"BR-146-CP","Poseidon Wars 3D","1989","CP","230 - Poseidon Wars 3D.jpg","100","CONFIRMADO"
"BR-147-GG","Power Strike","1988","GG","098 - Power Strike II.jpg","100","CONFIRMADO"
"BR-148-AB","Power Strike II","1993","AB","098 - Power Strike II.jpg","100","CONFIRMADO"
"BR-149-GP","Predator 2","1993","GP","105 - Predator 2.jpg","100","CONFIRMADO"
"BR-150-AB","Prince of Persia","1992","AB","123 - Prince of Persia.jpg","100","CONFIRMADO"
"BR-151-CP","Pro Wrestling","1986","CP","325 - Pro Wrestling.jpg","100","CONFIRMADO"
"BR-152-GG","Psychic World","1991","GG","179 - Psychic World.jpg","100","CONFIRMADO"
"BR-153-CP","Psycho Fox","1989","CP","215 - Psycho Fox.jpg","100","CONFIRMADO"
"BR-153-GG","Psycho Fox","1989","GG","215 - Psycho Fox.jpg","100","CONFIRMADO"
"BR-154-AB","Quest for the Shaven Yak Starring Ren Hoëk & Stimpy","1995","AB","037 - Quest for the Shaven Yak Starring Ren Hoëk & Stimpy.jpg","100","CONFIRMADO"
"BR-155-CP","R-Type","1988","CP","244 - R-Type.jpg","100","CONFIRMADO"
"BR-156-CP","R.C. Grand Prix","1990","CP","198 - R.C. Grand Prix.jpg","100","CONFIRMADO"
"BR-156-GG","R.C. Grand Prix","1990","GG","198 - R.C. Grand Prix.jpg","100","CONFIRMADO"
"BR-157-AZ","Rainbow Islands","1993","AZ","085 - Rainbow Islands_ The Story of Bubble Bobble 2.jpg","100","CONFIRMADO"
"BR-158-CP","Rambo III","1988","CP","239 - Rambo III.jpg","100","CONFIRMADO"
"BR-159-GG","Rampage","1988","GG","241 - Rampage.jpg","100","CONFIRMADO"
"BR-160-GG","Rastan","1989","GG","231 - Rastan.jpg","100","CONFIRMADO"
"BR-161-GP","Renegade","1993","GP","096 - Renegade.jpg","100","CONFIRMADO"
"BR-162-CP","Rescue Mission","1988","CP","262 - Rescue Mission.jpg","100","CONFIRMADO"
"BR-163-AB","Road Rash","1994","AB","050 - Road Rash.jpg","100","CONFIRMADO"
"BR-164-AZ","RoboCop 3","1993","AZ","060 - RoboCop Versus The Terminator.jpg","100","CONFIRMADO"
"BR-165-AB","RoboCop versus The Terminator","1993","AB","060 - RoboCop Versus The Terminator.jpg","100","CONFIRMADO"
"BR-166-CP","Rocky","1987","CP","299 - Rocky.jpg","100","CONFIRMADO"
"BR-167-GG","Running Battle","1991","GG","166 - Running Battle.jpg","100","CONFIRMADO"
"BR-168-GG","Sagaia","1992","GG","136 - Sagaia.jpg","100","CONFIRMADO"
"BR-169-AB","Sapo Xulé vs. Os Invasores do Brejo","1995","AB","032 - Sapo Xulé vs Os Invasores do Brejo.jpg","100","CONFIRMADO"
"BR-170-AZ","Sapo Xulé: O Mestre do Kung Fu","1995","AZ","039 - Sapo Xulé O Mestre do Kung Fu.jpg","100","CONFIRMADO"
"BR-171-AZ","Sapo Xulé: S.O.S. Lagoa Poluída","1995","AZ","031 - Sapo Xulé_ S.O.S. Lagoa Poluida.jpg","100","CONFIRMADO"
"BR-172-GG","Scramble Spirits","1989","GG","238 - Scramble Spirits.jpg","100","CONFIRMADO"
"BR-173-GG","Sega Chess","1991","GG","169 - Sega Chess.jpg","100","CONFIRMADO"
"BR-174-GP","Sega World Tournament Golf","1993","GP","081 - Sega World Tournament Golf.jpg","100","CONFIRMADO"
"BR-175-AB","Shadow of the Beast","1991","AB","156 - Shadow of the Beast.jpg","100","CONFIRMADO"
"BR-176-CP","Shapes and Columns","1990","CP","195 - Shapes and Columns.jpg","100","CONFIRMADO"
"BR-176-GG","Shapes and Columns","1990","GG","195 - Shapes and Columns.jpg","100","CONFIRMADO"
"BR-177-AB","Shinobi","1988","AB","170 - The Secret of Shinobi.jpg","100","CONFIRMADO"
"BR-177-CP","Shinobi","1988","CP","170 - The Secret of Shinobi.jpg","100","CONFIRMADO"
"BR-177-GG","Shinobi","1988","GG","170 - The Secret of Shinobi.jpg","100","CONFIRMADO"
"BR-178-GG","Shooting G","1987","GG","305 - Shooting G.jpg","100","CONFIRMADO"
"BR-179-AZ","Sítio do Picapau Amarelo","1998","AZ","010 - Sítio do Picapau Amarelo.jpg","100","CONFIRMADO"
"BR-180-GP","Slap Shot","1990","GP","205 - Slap Shot.webp","100","CONFIRMADO"
"BR-181-AZ","Sonic Blast","1997","AZ","011 - Sonic Blast.jpg","100","CONFIRMADO"
"BR-182-GG","Sonic The Hedgehog","1991","GG","122 - Sonic the Hedgehog 2.jpg","100","CONFIRMADO"
"BR-183-GG","Sonic The Hedgehog 2","1992","GG","122 - Sonic the Hedgehog 2.jpg","100","CONFIRMADO"
"BR-184-AB","Sonic The Hedgehog: Chaos","1993","AB","069 - Sonic Chaos.jpg","100","CONFIRMADO"
"BR-185-AB","Sonic The Hedgehog: Spinball","1995","AB","035 - Sonic Spinball.jpg","100","CONFIRMADO"
"BR-186-CP","Space Harrier 3D","1988","CP","266 - Space Harrier 3D.jpg","100","CONFIRMADO"
"BR-187-GG","SpellCaster","1988","GG","247 - SpellCaster.jpg","100","CONFIRMADO"
"BR-188-GG","Spider-Man","1991","GG","100 - Spider-Man_ Return of the Sinister Six.jpg","100","CONFIRMADO"
"BR-189-AB","Spider-Man: Return of the Sinister Six","1993","AB","100 - Spider-Man_ Return of the Sinister Six.jpg","100","CONFIRMADO"
"BR-190-GG","Spy vs. Spy","1986","GG","320 - Spy vs Spy.jpg","100","CONFIRMADO"
"BR-191-AB","Star Wars","1993","AB","076 - Star Wars.jpg","100","CONFIRMADO"
"BR-192-AZ","Street Fighter II","1997","AZ","012 - Street Fighter II.jpg","100","CONFIRMADO"
"BR-193-GP","Streets of Rage","1993","GP","051 - Streets of Rage 2.jpg","100","CONFIRMADO"
"BR-194-AB","Streets of Rage II","1994","AB","051 - Streets of Rage 2.jpg","100","CONFIRMADO"
"BR-195-GG","Strider","1991","GG","092 - Strider II.jpg","100","CONFIRMADO"
"BR-196-AB","Strider II","1993","AB","092 - Strider II.jpg","100","CONFIRMADO"
"BR-197-GG","Submarine Attack","1990","GG","208 - Submarine Attack.jpg","100","CONFIRMADO"
"BR-198-CP","Super Cross","1987","CP","295 - Super Cross.jpg","100","CONFIRMADO"
"BR-199-CP","Super Futebol","1987","CP","212 - Super Futebol II.jpg","100","CONFIRMADO"
"BR-200-CP","Super Futebol II","1990","CP","212 - Super Futebol II.jpg","100","CONFIRMADO"
"BR-200-GG","Super Futebol II","1990","GG","212 - Super Futebol II.jpg","100","CONFIRMADO"
"BR-201-GG","Super Kick Off","1991","GG","153 - Super Kick Off.jpg","100","CONFIRMADO"
"BR-202-AZ","Super Mônaco GP","1990","AZ","134 - Ayrton Senna's Super Monaco GP II.jpg","100","CONFIRMADO"
"BR-202-CP","Super Mônaco GP","1990","CP","134 - Ayrton Senna's Super Monaco GP II.jpg","100","CONFIRMADO"
"BR-203-CP","Super Tennis","1989","CP","237 - Super Tennis.jpg","100","CONFIRMADO"
"BR-204-AB","Superman: The Man of Steel","1993","AB","084 - Superman_ The Man of Steel.jpg","100","CONFIRMADO"
"BR-205-AZ","Taz in Escape From Mars","1997","AZ","014 - Taz in Escape from Mars.jpg","100","CONFIRMADO"
"BR-206-GP","Taz-Mania","1993","GP","093 - Taz-Mania.jpg","100","CONFIRMADO"
"BR-207-GG","Teddy Boy","1985","GG","341 - Teddy Boy.jpg","100","CONFIRMADO"
"BR-208-AB","The Flash","1993","AB","097 - The Flash.jpg","100","CONFIRMADO"
"BR-209-CP","The Flintstones","1991","CP","185 - The Flintstones.jpg","100","CONFIRMADO"
"BR-210-AB","The Incredible Hulk","1994","AB","048 - The Incredible Hulk.jpg","100","CONFIRMADO"
"BR-211-AB","The Jungle Book","1994","AB","058 - The Jungle Book.jpg","100","CONFIRMADO"
"BR-212-AB","The Lion King","1994","AB","059 - The Lion King.jpg","100","CONFIRMADO"
"BR-213-GG","The Lucky Dime Caper Estrelando Pato Donald","1991","GG","150 - The Lucky Dime Caper Starring Donald Duck.jpg","100","CONFIRMADO"
"BR-214-GP","The Ninja","1986","GP","135 - Ninja Gaiden.jpg","100","CONFIRMADO"
"BR-215-AB","The Ottifants","1993","AB","104 - The Ottifants.jpg","100","CONFIRMADO"
"BR-216-GG","The Secret of Shinobi","1991","GG","170 - The Secret of Shinobi.jpg","100","CONFIRMADO"
"BR-217-GG","The Simpsons: Bart vs. The Space Mutants","1992","GG","127 - The Simpsons_ Bart vs. the Space Mutants.jpg","100","CONFIRMADO"
"BR-218-AB","The Simpsons: Bart vs. The World","1993","AB","089 - The Simpsons_ Bart vs. the World.jpg","100","CONFIRMADO"
"BR-219-AZ","The Smurfs","1995","AZ","029 - The Smurfs Travel the World.jpg","100","CONFIRMADO"
"BR-220-AB","The Terminator","1992","AB","060 - RoboCop Versus The Terminator.jpg","100","CONFIRMADO"
"BR-221-CP","Thunder Blade","1988","CP","251 - Thunder Blade.jpg","100","CONFIRMADO"
"BR-222-GG","Time Soldiers","1989","GG","228 - Time Soldiers.jpg","100","CONFIRMADO"
"BR-223-GG","Tom and Jerry: The Movie","1992","GG","124 - Tom and Jerry_ The Movie.jpg","100","CONFIRMADO"
"BR-224-AB","Turma da Mônica em: O Resgate","1993","AB","087 - Turma da Mônica em_ O Resgate.jpg","100","CONFIRMADO"
"BR-225-GG","Última IV","1990","GG","009 - Mickey's Ultimate Challenge.jpg","100","CONFIRMADO"
"BR-226-AB","Ultimate Soccer","1993","AB","078 - Ultimate Soccer.jpg","100","CONFIRMADO"
"BR-227-CP","Vigilante","1989","CP","222 - Vigilante.jpg","100","CONFIRMADO"
"BR-227-GG","Vigilante","1989","GG","222 - Vigilante.jpg","100","CONFIRMADO"
"BR-228-AZ","Virtua Fighter Animation","1997","AZ","016 - Virtua Fighter Animation.jpg","100","CONFIRMADO"
"BR-229-CP","Wanted","1989","CP","219 - Wanted.jpg","100","CONFIRMADO"
"BR-230-AB","Where in the World is Carmen Sandiego?","1988","AB","242 - Where in the World is Carmen Sandiego_.jpg","100","CONFIRMADO"
"BR-231-GP","Wimbledon","1992","GP","106 - Wimbledon II.jpg","100","CONFIRMADO"
"BR-232-AB","Winter Olympics","1994","AB","057 - Winter Olympics.jpg","100","CONFIRMADO"
"BR-233-AB","Wolfchild","1993","AB","070 - Wolfchild.jpg","100","CONFIRMADO"
"BR-234-CP","Wonder Boy","1988","CP","111 - Wonder Boy in Monster World.jpg","100","CONFIRMADO"
"BR-235-GP","World Class Leader Board","1991","GP","162 - World Class Leader Board.webp","100","CONFIRMADO"
"BR-236-AB","World Cup USA 94","1994","AB","047 - World Cup USA 94.jpg","100","CONFIRMADO"
"BR-237-GG","World Games","1990","GG","199 - World Games.jpg","100","CONFIRMADO"
"BR-238-CP","World Grand Prix","1986","CP","319 - World Grand Prix.jpg","100","CONFIRMADO"
"BR-238-GG","World Grand Prix","1986","GG","319 - World Grand Prix.jpg","100","CONFIRMADO"
"BR-239-AB","WWF Wrestlemania Steel Cage Challenge","1993","AB","080 - WWF WrestleMania_ Steel Cage Challenge.jpg","100","CONFIRMADO"
"BR-240-AZ","X-Men Mojo World","1996","AZ","030 - X-Men_ Mojo World.jpg","100","CONFIRMADO"
"BR-241-GG","Y's","1988","GG","243 - Ys.jpg","100","CONFIRMADO"
"BR-242-CP","Zaxxon 3D","1987","CP","277 - Zaxxon 3D.jpg","100","CONFIRMADO"
"BR-243-GG","Zillion","1987","GG","274 - Zillion II_ The Tri Formation.jpg","100","CONFIRMADO"
"BR-244-CP","Zillion II","1987","CP","274 - Zillion II_ The Tri Formation.jpg","100","CONFIRMADO"
